<?xml version="1.0" ?>
<scene>
	<integrator type="whitted"/>
	<sampler type="independent">
		<integer name="sampleCount" value="512"/>
	</sampler>
	<camera type="perspective">
		<float name="fov" value="35.48934190849526"/>
		<float name="nearClip" value="0.10000000149011612"/>
		<float name="farClip" value="100.0"/>
		<integer name="width" value="960"/>
		<integer name="height" value="540"/>
		<transform name="toWorld">
			<scale value="1.000000 1.000000 -1.000000"/>
			<matrix value="1.0,0.0,0.0,0.0,0.0,0.08715580403804779,-0.9961947202682495,-9.0,0.0,0.9961947202682495,0.08715580403804779,1.899999976158142,0.0,0.0,0.0,1.0"/>
		</transform>
	</camera>
	<mesh type="obj">
		<string name="filename" value="meshes/PlaceHolder_Object_Material.obj"/>
		<transform name="toWorld">
			<matrix value="0.9996656775474548,-4.474064230208796e-09,0.02585674822330475,8.329892886571599e-10,4.473633463675242e-09,1.0,7.45028899684641e-11,-0.0017621517181396484,-0.02585674822330475,4.1195630240409287e-11,0.9996656775474548,1.0867990255355835,0.0,0.0,0.0,1.0"/>
		</transform>
			<!-- <color name="albedo" value="0.800000,0.800000,0.800000"/> -->
		<bsdf type="dielectric"/>
	</mesh>
	<mesh type="obj">
		<string name="filename" value="meshes/Light_front_Light_front.obj"/>
		<transform name="toWorld">
			<matrix value="1.0,0.0,0.0,2.103671431541443e-05,0.0,1.0,0.0,-9.413041114807129,0.0,0.0,1.0,3.1690104007720947,0.0,0.0,0.0,1.0"/>
		</transform>
		<emitter type="area">
			<color name="radiance" value="1 1 1"/>
		</emitter>

		<bsdf type="diffuse">
			<color name="albedo" value="0.984885,0.984885,0.984885"/>
		</bsdf>
	</mesh>
	<mesh type="obj">
		<string name="filename" value="meshes/Light_front_Black.obj"/>
		<transform name="toWorld">
			<matrix value="1.0,0.0,0.0,2.103671431541443e-05,0.0,1.0,0.0,-9.413041114807129,0.0,0.0,1.0,3.1690104007720947,0.0,0.0,0.0,1.0"/>
		</transform>
		<bsdf type="diffuse">
			<color name="albedo" value="0.000000,0.000000,0.000000"/>
		</bsdf>
	</mesh>
	<mesh type="obj">
		<string name="filename" value="meshes/Light_left_Light_left.obj"/>
		<transform name="toWorld">
			<matrix value="0.9345366358757019,-0.3558669090270996,0.0,-5.439059734344482,0.3558669090270996,0.9345366358757019,0.0,-2.82970929145813,0.0,0.0,1.0,3.489281415939331,0.0,0.0,0.0,1.0"/>
		</transform>
		<bsdf type="diffuse">
			<color name="albedo" value="0.984885,0.984885,0.984885"/>
		</bsdf>
		<emitter type="area">
			<color name="radiance" value="1 3 1"/>
		</emitter>


	</mesh>
	<mesh type="obj">
		<string name="filename" value="meshes/Light_left_Black.obj"/>
		<transform name="toWorld">
			<matrix value="0.9345366358757019,-0.3558669090270996,0.0,-5.439059734344482,0.3558669090270996,0.9345366358757019,0.0,-2.82970929145813,0.0,0.0,1.0,3.489281415939331,0.0,0.0,0.0,1.0"/>
		</transform>
		<bsdf type="diffuse">
			<color name="albedo" value="0.000000,0.000000,0.000000"/>
		</bsdf>

	</mesh>
	<mesh type="obj">
		<string name="filename" value="meshes/Light_right_Light_right.obj"/>
		<transform name="toWorld">
			<matrix value="0.8732563853263855,0.48726096749305725,0.0,5.820833206176758,-0.48726096749305725,0.8732563853263855,0.0,-2.330822706222534,0.0,0.0,1.0,3.4892807006835938,0.0,0.0,0.0,1.0"/>
		</transform>
		<bsdf type="diffuse">
			<color name="albedo" value="0.984885,0.984885,0.984885"/>
		</bsdf>
		<emitter type="area">
			<color name="radiance" value="1 1 3"/>
		</emitter>


	</mesh>
	<mesh type="obj">
		<string name="filename" value="meshes/Light_right_Black.obj"/>
		<transform name="toWorld">
			<matrix value="0.8732563853263855,0.48726096749305725,0.0,5.820833206176758,-0.48726096749305725,0.8732563853263855,0.0,-2.330822706222534,0.0,0.0,1.0,3.4892807006835938,0.0,0.0,0.0,1.0"/>
		</transform>
		<bsdf type="diffuse">
			<color name="albedo" value="0.000000,0.000000,0.000000"/>
		</bsdf>
	</mesh>
	<mesh type="obj">
		<string name="filename" value="meshes/Light_above_Light_above.obj"/>
		<transform name="toWorld">
			<matrix value="1.0,0.0,0.0,0.0,0.0,1.0,0.0,0.5306947231292725,0.0,0.0,1.0,6.453206539154053,0.0,0.0,0.0,1.0"/>
		</transform>
		<bsdf type="diffuse">
			<color name="albedo" value="0.984885,0.984885,0.984885"/>
		</bsdf>
		<emitter type="area">
			<color name="radiance" value="2 1 1"/>
		</emitter>

	</mesh>
	<mesh type="obj">
		<string name="filename" value="meshes/Light_above_Black.obj"/>
		<transform name="toWorld">
			<matrix value="1.0,0.0,0.0,0.0,0.0,1.0,0.0,0.5306947231292725,0.0,0.0,1.0,6.453206539154053,0.0,0.0,0.0,1.0"/>
		</transform>
		<bsdf type="diffuse">
			<color name="albedo" value="0.000000,0.000000,0.000000"/>
		</bsdf>
	</mesh>
	<mesh type="obj">
		<string name="filename" value="meshes/Backdrop_Backdrop.obj"/>
		<transform name="toWorld">
			<matrix value="1.0,0.0,0.0,0.0,0.0,1.0,0.0,0.0,0.0,0.0,1.0,0.0,0.0,0.0,0.0,1.0"/>
		</transform>
		<bsdf type="diffuse">
			<color name="albedo" value="0.800000,0.800000,0.800000"/>
		</bsdf>

	</mesh>
</scene>
